Workbook

Sheet ticket
A1: ticket_id | B1: created_at | C1: closed_at | D1: outlet_id | E1: cms_id | F1: Same_Day? | G1: Same_Hour?
A2: isu-sjd-457 | B2: 2021-08-19 16:45:43 | C2: 2021-08-22 12:33:32 | D2: wrqy-juv-978 | E2: vew-iuvd-12 | F2: =INT(B2)=INT(C2) | G2: =AND(INT(B2)=INT(C2),HOUR(B2)=HOUR(C2))
A3: qer-fal-092 | B3: 2021-08-21 11:09:22 | C3: 2021-08-21 17:13:45 | D3: 8woh-k3u-23b | E3: cms-abc-001 | F3: =INT(B3)=INT(C3) | G3: =AND(INT(B3)=INT(C3),HOUR(B3)=HOUR(C3))
A4: tkt-mno-301 | B4: 2021-08-21 09:15:00 | C4: 2021-08-21 09:58:22 | D4: wrqy-juv-978 | E4: cms-def-002 | F4: =INT(B4)=INT(C4) | G4: =AND(INT(B4)=INT(C4),HOUR(B4)=HOUR(C4))
A5: tkt-pqr-402 | B5: 2021-08-22 14:30:00 | C5: 2021-08-22 14:55:10 | D5: 8woh-k3u-23b | E5: cms-ghi-003 | F5: =INT(B5)=INT(C5) | G5: =AND(INT(B5)=INT(C5),HOUR(B5)=HOUR(C5))
A6: tkt-stu-503 | B6: 2021-08-23 10:00:00 | C6: 2021-08-24 10:00:00 | D6: wrqy-juv-978 | E6: cms-jkl-004 | F6: =INT(B6)=INT(C6) | G6: =AND(INT(B6)=INT(C6),HOUR(B6)=HOUR(C6))
A7: tkt-vwx-604 | B7: 2021-08-23 11:30:00 | C7: 2021-08-23 11:55:00 | D7: 8woh-k3u-23b | E7: cms-mno-005 | F7: =INT(B7)=INT(C7) | G7: =AND(INT(B7)=INT(C7),HOUR(B7)=HOUR(C7))
A8: tkt-yza-705 | B8: 2021-08-24 08:00:00 | C8: 2021-08-24 08:45:00 | D8: wrqy-juv-978 | E8: cms-pqr-006 | F8: =INT(B8)=INT(C8) | G8: =AND(INT(B8)=INT(C8),HOUR(B8)=HOUR(C8))
A9: tkt-bcd-806 | B9: 2021-08-24 15:00:00 | C9: 2021-08-25 15:00:00 | D9: 8woh-k3u-23b | E9: cms-stu-007 | F9: =INT(B9)=INT(C9) | G9: =AND(INT(B9)=INT(C9),HOUR(B9)=HOUR(C9))
A10: tkt-efg-907 | B10: 2021-08-25 09:00:00 | C10: 2021-08-25 09:30:00 | D10: wrqy-juv-978 | E10: cms-vwx-008 | F10: =INT(B10)=INT(C10) | G10: =AND(INT(B10)=INT(C10),HOUR(B10)=HOUR(C10))
A11: tkt-hij-008 | B11: 2021-08-25 16:00:00 | C11: 2021-08-25 16:45:00 | D11: 8woh-k3u-23b | E11: cms-yza-009 | F11: =INT(B11)=INT(C11) | G11: =AND(INT(B11)=INT(C11),HOUR(B11)=HOUR(C11))

Sheet feedbacks
A1: cms_id | B1: feedback_at | C1: feedback_rating | D1: ticket_created_at
A2: vew-iuvd-12 | B2: 2021-08-21 13:26:48 | C2: 3 | D2: =IFERROR(VLOOKUP(A2,ticket!$E:$B,2,FALSE),"Not Found")
A3: cms-abc-001 | B3: 2021-08-22 09:00:00 | C3: 5 | D3: =IFERROR(VLOOKUP(A3,ticket!$E:$B,2,FALSE),"Not Found")
A4: cms-def-002 | B4: 2021-08-21 10:30:00 | C4: 4 | D4: =IFERROR(VLOOKUP(A4,ticket!$E:$B,2,FALSE),"Not Found")
A5: cms-ghi-003 | B5: 2021-08-22 16:00:00 | C5: 2 | D5: =IFERROR(VLOOKUP(A5,ticket!$E:$B,2,FALSE),"Not Found")
A6: cms-jkl-004 | B6: 2021-08-24 11:00:00 | C6: 5 | D6: =IFERROR(VLOOKUP(A6,ticket!$E:$B,2,FALSE),"Not Found")
A7: cms-mno-005 | B7: 2021-08-23 13:00:00 | C7: 3 | D7: =IFERROR(VLOOKUP(A7,ticket!$E:$B,2,FALSE),"Not Found")
A8: cms-pqr-006 | B8: 2021-08-24 09:30:00 | C8: 4 | D8: =IFERROR(VLOOKUP(A8,ticket!$E:$B,2,FALSE),"Not Found")
A9: cms-stu-007 | B9: 2021-08-25 16:00:00 | C9: 1 | D9: =IFERROR(VLOOKUP(A9,ticket!$E:$B,2,FALSE),"Not Found")
A10: cms-vwx-008 | B10: 2021-08-25 10:00:00 | C10: 5 | D10: =IFERROR(VLOOKUP(A10,ticket!$E:$B,2,FALSE),"Not Found")
A11: cms-yza-009 | B11: 2021-08-25 17:30:00 | C11: 4 | D11: =IFERROR(VLOOKUP(A11,ticket!$E:$B,2,FALSE),"Not Found")

Sheet analysis
A1: Q2a: Tickets created & closed same day
A2: outlet_id | B2: same_day_count | C2: same_hour_count
A3: wrqy-juv-978 | B3: =COUNTIFS(ticket!$D:$D,A3,ticket!$F:$F,TRUE) | C3: =COUNTIFS(ticket!$D:$D,A3,ticket!$G:$G,TRUE)
A4: 8woh-k3u-23b | B4: =COUNTIFS(ticket!$D:$D,A4,ticket!$F:$F,TRUE) | C4: =COUNTIFS(ticket!$D:$D,A4,ticket!$G:$G,TRUE)
A6: Legend:
A7: Yellow cells = VLOOKUP / COUNTIFS formula results
A8: Green cells = Helper columns (Same Day? / Same Hour?)
